,datetime,set_no
0,2020-07-23 12:00:00+07:00,0
1,2020-07-23 15:00:00+07:00,0
2,2020-07-23 18:00:00+07:00,0
3,2020-07-23 21:00:00+07:00,0
4,2020-07-24 00:00:00+07:00,0
5,2020-07-24 03:00:00+07:00,0
6,2020-07-24 06:00:00+07:00,0
7,2020-07-24 09:00:00+07:00,0
8,2020-07-24 12:00:00+07:00,0
9,2020-07-24 15:00:00+07:00,0
10,2020-07-24 18:00:00+07:00,0
11,2020-07-24 21:00:00+07:00,0
12,2020-07-25 00:00:00+07:00,0
13,2020-07-25 03:00:00+07:00,0
14,2020-07-25 06:00:00+07:00,0
15,2020-07-25 09:00:00+07:00,0
16,2020-07-25 12:00:00+07:00,0
17,2020-07-25 15:00:00+07:00,0
18,2020-07-25 18:00:00+07:00,0
19,2020-07-25 21:00:00+07:00,0
20,2020-07-26 00:00:00+07:00,0
21,2020-07-26 03:00:00+07:00,0
22,2020-07-26 06:00:00+07:00,0
23,2020-07-26 09:00:00+07:00,0
24,2022-01-17 12:00:00+07:00,1
25,2022-01-17 15:00:00+07:00,1
26,2022-01-17 18:00:00+07:00,1
27,2022-01-17 21:00:00+07:00,1
28,2022-01-18 00:00:00+07:00,1
29,2022-01-18 03:00:00+07:00,1
30,2022-01-18 06:00:00+07:00,1
31,2022-01-18 09:00:00+07:00,1
32,2022-01-18 12:00:00+07:00,1
33,2022-01-18 15:00:00+07:00,1
34,2022-01-18 18:00:00+07:00,1
35,2022-01-18 21:00:00+07:00,1
36,2022-01-19 00:00:00+07:00,1
37,2022-01-19 03:00:00+07:00,1
38,2022-01-19 06:00:00+07:00,1
39,2022-01-19 09:00:00+07:00,1
40,2022-01-19 12:00:00+07:00,1
41,2022-01-19 15:00:00+07:00,1
42,2022-01-19 18:00:00+07:00,1
43,2022-01-19 21:00:00+07:00,1
44,2022-01-20 00:00:00+07:00,1
45,2022-01-20 03:00:00+07:00,1
46,2022-01-20 06:00:00+07:00,1
47,2022-01-20 09:00:00+07:00,1
48,2022-01-20 12:00:00+07:00,2
49,2022-01-20 15:00:00+07:00,2
50,2022-01-20 18:00:00+07:00,2
51,2022-01-20 21:00:00+07:00,2
52,2022-01-21 00:00:00+07:00,2
53,2022-01-21 03:00:00+07:00,2
54,2022-01-21 06:00:00+07:00,2
55,2022-01-21 09:00:00+07:00,2
56,2022-01-21 12:00:00+07:00,2
57,2022-01-21 15:00:00+07:00,2
58,2022-01-21 18:00:00+07:00,2
59,2022-01-21 21:00:00+07:00,2
60,2022-01-22 00:00:00+07:00,2
61,2022-01-22 03:00:00+07:00,2
62,2022-01-22 06:00:00+07:00,2
63,2022-01-22 09:00:00+07:00,2
64,2022-01-22 12:00:00+07:00,2
65,2022-01-22 15:00:00+07:00,2
66,2022-01-22 18:00:00+07:00,2
67,2022-01-22 21:00:00+07:00,2
68,2022-01-23 00:00:00+07:00,2
69,2022-01-23 03:00:00+07:00,2
70,2022-01-23 06:00:00+07:00,2
71,2022-01-23 09:00:00+07:00,2
72,2020-08-01 12:00:00+07:00,3
73,2020-08-01 15:00:00+07:00,3
74,2020-08-01 18:00:00+07:00,3
75,2020-08-01 21:00:00+07:00,3
76,2020-08-02 00:00:00+07:00,3
77,2020-08-02 03:00:00+07:00,3
78,2020-08-02 06:00:00+07:00,3
79,2020-08-02 09:00:00+07:00,3
80,2020-08-02 12:00:00+07:00,3
81,2020-08-02 15:00:00+07:00,3
82,2020-08-02 18:00:00+07:00,3
83,2020-08-02 21:00:00+07:00,3
84,2020-08-03 00:00:00+07:00,3
85,2020-08-03 03:00:00+07:00,3
86,2020-08-03 06:00:00+07:00,3
87,2020-08-03 09:00:00+07:00,3
88,2020-08-03 12:00:00+07:00,3
89,2020-08-03 15:00:00+07:00,3
90,2020-08-03 18:00:00+07:00,3
91,2020-08-03 21:00:00+07:00,3
92,2020-08-04 00:00:00+07:00,3
93,2020-08-04 03:00:00+07:00,3
94,2020-08-04 06:00:00+07:00,3
95,2020-08-04 09:00:00+07:00,3
96,2021-01-31 12:00:00+07:00,4
97,2021-01-31 15:00:00+07:00,4
98,2021-01-31 18:00:00+07:00,4
99,2021-01-31 21:00:00+07:00,4
100,2021-02-01 00:00:00+07:00,4
101,2021-02-01 03:00:00+07:00,4
102,2021-02-01 06:00:00+07:00,4
103,2021-02-01 09:00:00+07:00,4
104,2021-02-01 12:00:00+07:00,4
105,2021-02-01 15:00:00+07:00,4
106,2021-02-01 18:00:00+07:00,4
107,2021-02-01 21:00:00+07:00,4
108,2021-02-02 00:00:00+07:00,4
109,2021-02-02 03:00:00+07:00,4
110,2021-02-02 06:00:00+07:00,4
111,2021-02-02 09:00:00+07:00,4
112,2021-02-02 12:00:00+07:00,4
113,2021-02-02 15:00:00+07:00,4
114,2021-02-02 18:00:00+07:00,4
115,2021-02-02 21:00:00+07:00,4
116,2021-02-03 00:00:00+07:00,4
117,2021-02-03 03:00:00+07:00,4
118,2021-02-03 06:00:00+07:00,4
119,2021-02-03 09:00:00+07:00,4
120,2020-08-07 12:00:00+07:00,5
121,2020-08-07 15:00:00+07:00,5
122,2020-08-07 18:00:00+07:00,5
123,2020-08-07 21:00:00+07:00,5
124,2020-08-08 00:00:00+07:00,5
125,2020-08-08 03:00:00+07:00,5
126,2020-08-08 06:00:00+07:00,5
127,2020-08-08 09:00:00+07:00,5
128,2020-08-08 12:00:00+07:00,5
129,2020-08-08 15:00:00+07:00,5
130,2020-08-08 18:00:00+07:00,5
131,2020-08-08 21:00:00+07:00,5
132,2020-08-09 00:00:00+07:00,5
133,2020-08-09 03:00:00+07:00,5
134,2020-08-09 06:00:00+07:00,5
135,2020-08-09 09:00:00+07:00,5
136,2020-08-09 12:00:00+07:00,5
137,2020-08-09 15:00:00+07:00,5
138,2020-08-09 18:00:00+07:00,5
139,2020-08-09 21:00:00+07:00,5
140,2020-08-10 00:00:00+07:00,5
141,2020-08-10 03:00:00+07:00,5
142,2020-08-10 06:00:00+07:00,5
143,2020-08-10 09:00:00+07:00,5
144,2021-08-05 12:00:00+07:00,6
145,2021-08-05 15:00:00+07:00,6
146,2021-08-05 18:00:00+07:00,6
147,2021-08-05 21:00:00+07:00,6
148,2021-08-06 00:00:00+07:00,6
149,2021-08-06 03:00:00+07:00,6
150,2021-08-06 06:00:00+07:00,6
151,2021-08-06 09:00:00+07:00,6
152,2021-08-06 12:00:00+07:00,6
153,2021-08-06 15:00:00+07:00,6
154,2021-08-06 18:00:00+07:00,6
155,2021-08-06 21:00:00+07:00,6
156,2021-08-07 00:00:00+07:00,6
157,2021-08-07 03:00:00+07:00,6
158,2021-08-07 06:00:00+07:00,6
159,2021-08-07 09:00:00+07:00,6
160,2021-08-07 12:00:00+07:00,6
161,2021-08-07 15:00:00+07:00,6
162,2021-08-07 18:00:00+07:00,6
163,2021-08-07 21:00:00+07:00,6
164,2021-08-08 00:00:00+07:00,6
165,2021-08-08 03:00:00+07:00,6
166,2021-08-08 06:00:00+07:00,6
167,2021-08-08 09:00:00+07:00,6
168,2021-02-09 12:00:00+07:00,7
169,2021-02-09 15:00:00+07:00,7
170,2021-02-09 18:00:00+07:00,7
171,2021-02-09 21:00:00+07:00,7
172,2021-02-10 00:00:00+07:00,7
173,2021-02-10 03:00:00+07:00,7
174,2021-02-10 06:00:00+07:00,7
175,2021-02-10 09:00:00+07:00,7
176,2021-02-10 12:00:00+07:00,7
177,2021-02-10 15:00:00+07:00,7
178,2021-02-10 18:00:00+07:00,7
179,2021-02-10 21:00:00+07:00,7
180,2021-02-11 00:00:00+07:00,7
181,2021-02-11 03:00:00+07:00,7
182,2021-02-11 06:00:00+07:00,7
183,2021-02-11 09:00:00+07:00,7
184,2021-02-11 12:00:00+07:00,7
185,2021-02-11 15:00:00+07:00,7
186,2021-02-11 18:00:00+07:00,7
187,2021-02-11 21:00:00+07:00,7
188,2021-02-12 00:00:00+07:00,7
189,2021-02-12 03:00:00+07:00,7
190,2021-02-12 06:00:00+07:00,7
191,2021-02-12 09:00:00+07:00,7
192,2021-08-11 12:00:00+07:00,8
193,2021-08-11 15:00:00+07:00,8
194,2021-08-11 18:00:00+07:00,8
195,2021-08-11 21:00:00+07:00,8
196,2021-08-12 00:00:00+07:00,8
197,2021-08-12 03:00:00+07:00,8
198,2021-08-12 06:00:00+07:00,8
199,2021-08-12 09:00:00+07:00,8
200,2021-08-12 12:00:00+07:00,8
201,2021-08-12 15:00:00+07:00,8
202,2021-08-12 18:00:00+07:00,8
203,2021-08-12 21:00:00+07:00,8
204,2021-08-13 00:00:00+07:00,8
205,2021-08-13 03:00:00+07:00,8
206,2021-08-13 06:00:00+07:00,8
207,2021-08-13 09:00:00+07:00,8
208,2021-08-13 12:00:00+07:00,8
209,2021-08-13 15:00:00+07:00,8
210,2021-08-13 18:00:00+07:00,8
211,2021-08-13 21:00:00+07:00,8
212,2021-08-14 00:00:00+07:00,8
213,2021-08-14 03:00:00+07:00,8
214,2021-08-14 06:00:00+07:00,8
215,2021-08-14 09:00:00+07:00,8
216,2021-02-15 12:00:00+07:00,9
217,2021-02-15 15:00:00+07:00,9
218,2021-02-15 18:00:00+07:00,9
219,2021-02-15 21:00:00+07:00,9
220,2021-02-16 00:00:00+07:00,9
221,2021-02-16 03:00:00+07:00,9
222,2021-02-16 06:00:00+07:00,9
223,2021-02-16 09:00:00+07:00,9
224,2021-02-16 12:00:00+07:00,9
225,2021-02-16 15:00:00+07:00,9
226,2021-02-16 18:00:00+07:00,9
227,2021-02-16 21:00:00+07:00,9
228,2021-02-17 00:00:00+07:00,9
229,2021-02-17 03:00:00+07:00,9
230,2021-02-17 06:00:00+07:00,9
231,2021-02-17 09:00:00+07:00,9
232,2021-02-17 12:00:00+07:00,9
233,2021-02-17 15:00:00+07:00,9
234,2021-02-17 18:00:00+07:00,9
235,2021-02-17 21:00:00+07:00,9
236,2021-02-18 00:00:00+07:00,9
237,2021-02-18 03:00:00+07:00,9
238,2021-02-18 06:00:00+07:00,9
239,2021-02-18 09:00:00+07:00,9
240,2021-08-17 12:00:00+07:00,10
241,2021-08-17 15:00:00+07:00,10
242,2021-08-17 18:00:00+07:00,10
243,2021-08-17 21:00:00+07:00,10
244,2021-08-18 00:00:00+07:00,10
245,2021-08-18 03:00:00+07:00,10
246,2021-08-18 06:00:00+07:00,10
247,2021-08-18 09:00:00+07:00,10
248,2021-08-18 12:00:00+07:00,10
249,2021-08-18 15:00:00+07:00,10
250,2021-08-18 18:00:00+07:00,10
251,2021-08-18 21:00:00+07:00,10
252,2021-08-19 00:00:00+07:00,10
253,2021-08-19 03:00:00+07:00,10
254,2021-08-19 06:00:00+07:00,10
255,2021-08-19 09:00:00+07:00,10
256,2021-08-19 12:00:00+07:00,10
257,2021-08-19 15:00:00+07:00,10
258,2021-08-19 18:00:00+07:00,10
259,2021-08-19 21:00:00+07:00,10
260,2021-08-20 00:00:00+07:00,10
261,2021-08-20 03:00:00+07:00,10
262,2021-08-20 06:00:00+07:00,10
263,2021-08-20 09:00:00+07:00,10
264,2021-02-21 12:00:00+07:00,11
265,2021-02-21 15:00:00+07:00,11
266,2021-02-21 18:00:00+07:00,11
267,2021-02-21 21:00:00+07:00,11
268,2021-02-22 00:00:00+07:00,11
269,2021-02-22 03:00:00+07:00,11
270,2021-02-22 06:00:00+07:00,11
271,2021-02-22 09:00:00+07:00,11
272,2021-02-22 12:00:00+07:00,11
273,2021-02-22 15:00:00+07:00,11
274,2021-02-22 18:00:00+07:00,11
275,2021-02-22 21:00:00+07:00,11
276,2021-02-23 00:00:00+07:00,11
277,2021-02-23 03:00:00+07:00,11
278,2021-02-23 06:00:00+07:00,11
279,2021-02-23 09:00:00+07:00,11
280,2021-02-23 12:00:00+07:00,11
281,2021-02-23 15:00:00+07:00,11
282,2021-02-23 18:00:00+07:00,11
283,2021-02-23 21:00:00+07:00,11
284,2021-02-24 00:00:00+07:00,11
285,2021-02-24 03:00:00+07:00,11
286,2021-02-24 06:00:00+07:00,11
287,2021-02-24 09:00:00+07:00,11
288,2021-08-23 12:00:00+07:00,12
289,2021-08-23 15:00:00+07:00,12
290,2021-08-23 18:00:00+07:00,12
291,2021-08-23 21:00:00+07:00,12
292,2021-08-24 00:00:00+07:00,12
293,2021-08-24 03:00:00+07:00,12
294,2021-08-24 06:00:00+07:00,12
295,2021-08-24 09:00:00+07:00,12
296,2021-08-24 12:00:00+07:00,12
297,2021-08-24 15:00:00+07:00,12
298,2021-08-24 18:00:00+07:00,12
299,2021-08-24 21:00:00+07:00,12
300,2021-08-25 00:00:00+07:00,12
301,2021-08-25 03:00:00+07:00,12
302,2021-08-25 06:00:00+07:00,12
303,2021-08-25 09:00:00+07:00,12
304,2021-08-25 12:00:00+07:00,12
305,2021-08-25 15:00:00+07:00,12
306,2021-08-25 18:00:00+07:00,12
307,2021-08-25 21:00:00+07:00,12
308,2021-08-26 00:00:00+07:00,12
309,2021-08-26 03:00:00+07:00,12
310,2021-08-26 06:00:00+07:00,12
311,2021-08-26 09:00:00+07:00,12
312,2021-08-26 12:00:00+07:00,13
313,2021-08-26 15:00:00+07:00,13
314,2021-08-26 18:00:00+07:00,13
315,2021-08-26 21:00:00+07:00,13
316,2021-08-27 00:00:00+07:00,13
317,2021-08-27 03:00:00+07:00,13
318,2021-08-27 06:00:00+07:00,13
319,2021-08-27 09:00:00+07:00,13
320,2021-08-27 12:00:00+07:00,13
321,2021-08-27 15:00:00+07:00,13
322,2021-08-27 18:00:00+07:00,13
323,2021-08-27 21:00:00+07:00,13
324,2021-08-28 00:00:00+07:00,13
325,2021-08-28 03:00:00+07:00,13
326,2021-08-28 06:00:00+07:00,13
327,2021-08-28 09:00:00+07:00,13
328,2021-08-28 12:00:00+07:00,13
329,2021-08-28 15:00:00+07:00,13
330,2021-08-28 18:00:00+07:00,13
331,2021-08-28 21:00:00+07:00,13
332,2021-08-29 00:00:00+07:00,13
333,2021-08-29 03:00:00+07:00,13
334,2021-08-29 06:00:00+07:00,13
335,2021-08-29 09:00:00+07:00,13
336,2021-08-29 12:00:00+07:00,14
337,2021-08-29 15:00:00+07:00,14
338,2021-08-29 18:00:00+07:00,14
339,2021-08-29 21:00:00+07:00,14
340,2021-08-30 00:00:00+07:00,14
341,2021-08-30 03:00:00+07:00,14
342,2021-08-30 06:00:00+07:00,14
343,2021-08-30 09:00:00+07:00,14
344,2021-08-30 12:00:00+07:00,14
345,2021-08-30 15:00:00+07:00,14
346,2021-08-30 18:00:00+07:00,14
347,2021-08-30 21:00:00+07:00,14
348,2021-08-31 00:00:00+07:00,14
349,2021-08-31 03:00:00+07:00,14
350,2021-08-31 06:00:00+07:00,14
351,2021-08-31 09:00:00+07:00,14
352,2021-08-31 12:00:00+07:00,14
353,2021-08-31 15:00:00+07:00,14
354,2021-08-31 18:00:00+07:00,14
355,2021-08-31 21:00:00+07:00,14
356,2021-09-01 00:00:00+07:00,14
357,2021-09-01 03:00:00+07:00,14
358,2021-09-01 06:00:00+07:00,14
359,2021-09-01 09:00:00+07:00,14
360,2021-09-01 12:00:00+07:00,15
361,2021-09-01 15:00:00+07:00,15
362,2021-09-01 18:00:00+07:00,15
363,2021-09-01 21:00:00+07:00,15
364,2021-09-02 00:00:00+07:00,15
365,2021-09-02 03:00:00+07:00,15
366,2021-09-02 06:00:00+07:00,15
367,2021-09-02 09:00:00+07:00,15
368,2021-09-02 12:00:00+07:00,15
369,2021-09-02 15:00:00+07:00,15
370,2021-09-02 18:00:00+07:00,15
371,2021-09-02 21:00:00+07:00,15
372,2021-09-03 00:00:00+07:00,15
373,2021-09-03 03:00:00+07:00,15
374,2021-09-03 06:00:00+07:00,15
375,2021-09-03 09:00:00+07:00,15
376,2021-09-03 12:00:00+07:00,15
377,2021-09-03 15:00:00+07:00,15
378,2021-09-03 18:00:00+07:00,15
379,2021-09-03 21:00:00+07:00,15
380,2021-09-04 00:00:00+07:00,15
381,2021-09-04 03:00:00+07:00,15
382,2021-09-04 06:00:00+07:00,15
383,2021-09-04 09:00:00+07:00,15
384,2021-03-08 12:00:00+07:00,16
385,2021-03-08 15:00:00+07:00,16
386,2021-03-08 18:00:00+07:00,16
387,2021-03-08 21:00:00+07:00,16
388,2021-03-09 00:00:00+07:00,16
389,2021-03-09 03:00:00+07:00,16
390,2021-03-09 06:00:00+07:00,16
391,2021-03-09 09:00:00+07:00,16
392,2021-03-09 12:00:00+07:00,16
393,2021-03-09 15:00:00+07:00,16
394,2021-03-09 18:00:00+07:00,16
395,2021-03-09 21:00:00+07:00,16
396,2021-03-10 00:00:00+07:00,16
397,2021-03-10 03:00:00+07:00,16
398,2021-03-10 06:00:00+07:00,16
399,2021-03-10 09:00:00+07:00,16
400,2021-03-10 12:00:00+07:00,16
401,2021-03-10 15:00:00+07:00,16
402,2021-03-10 18:00:00+07:00,16
403,2021-03-10 21:00:00+07:00,16
404,2021-03-11 00:00:00+07:00,16
405,2021-03-11 03:00:00+07:00,16
406,2021-03-11 06:00:00+07:00,16
407,2021-03-11 09:00:00+07:00,16
408,2021-09-07 12:00:00+07:00,17
409,2021-09-07 15:00:00+07:00,17
410,2021-09-07 18:00:00+07:00,17
411,2021-09-07 21:00:00+07:00,17
412,2021-09-08 00:00:00+07:00,17
413,2021-09-08 03:00:00+07:00,17
414,2021-09-08 06:00:00+07:00,17
415,2021-09-08 09:00:00+07:00,17
416,2021-09-08 12:00:00+07:00,17
417,2021-09-08 15:00:00+07:00,17
418,2021-09-08 18:00:00+07:00,17
419,2021-09-08 21:00:00+07:00,17
420,2021-09-09 00:00:00+07:00,17
421,2021-09-09 03:00:00+07:00,17
422,2021-09-09 06:00:00+07:00,17
423,2021-09-09 09:00:00+07:00,17
424,2021-09-09 12:00:00+07:00,17
425,2021-09-09 15:00:00+07:00,17
426,2021-09-09 18:00:00+07:00,17
427,2021-09-09 21:00:00+07:00,17
428,2021-09-10 00:00:00+07:00,17
429,2021-09-10 03:00:00+07:00,17
430,2021-09-10 06:00:00+07:00,17
431,2021-09-10 09:00:00+07:00,17
432,2021-09-10 12:00:00+07:00,18
433,2021-09-10 15:00:00+07:00,18
434,2021-09-10 18:00:00+07:00,18
435,2021-09-10 21:00:00+07:00,18
436,2021-09-11 00:00:00+07:00,18
437,2021-09-11 03:00:00+07:00,18
438,2021-09-11 06:00:00+07:00,18
439,2021-09-11 09:00:00+07:00,18
440,2021-09-11 12:00:00+07:00,18
441,2021-09-11 15:00:00+07:00,18
442,2021-09-11 18:00:00+07:00,18
443,2021-09-11 21:00:00+07:00,18
444,2021-09-12 00:00:00+07:00,18
445,2021-09-12 03:00:00+07:00,18
446,2021-09-12 06:00:00+07:00,18
447,2021-09-12 09:00:00+07:00,18
448,2021-09-12 12:00:00+07:00,18
449,2021-09-12 15:00:00+07:00,18
450,2021-09-12 18:00:00+07:00,18
451,2021-09-12 21:00:00+07:00,18
452,2021-09-13 00:00:00+07:00,18
453,2021-09-13 03:00:00+07:00,18
454,2021-09-13 06:00:00+07:00,18
455,2021-09-13 09:00:00+07:00,18
456,2021-09-13 12:00:00+07:00,19
457,2021-09-13 15:00:00+07:00,19
458,2021-09-13 18:00:00+07:00,19
459,2021-09-13 21:00:00+07:00,19
460,2021-09-14 00:00:00+07:00,19
461,2021-09-14 03:00:00+07:00,19
462,2021-09-14 06:00:00+07:00,19
463,2021-09-14 09:00:00+07:00,19
464,2021-09-14 12:00:00+07:00,19
465,2021-09-14 15:00:00+07:00,19
466,2021-09-14 18:00:00+07:00,19
467,2021-09-14 21:00:00+07:00,19
468,2021-09-15 00:00:00+07:00,19
469,2021-09-15 03:00:00+07:00,19
470,2021-09-15 06:00:00+07:00,19
471,2021-09-15 09:00:00+07:00,19
472,2021-09-15 12:00:00+07:00,19
473,2021-09-15 15:00:00+07:00,19
474,2021-09-15 18:00:00+07:00,19
475,2021-09-15 21:00:00+07:00,19
476,2021-09-16 00:00:00+07:00,19
477,2021-09-16 03:00:00+07:00,19
478,2021-09-16 06:00:00+07:00,19
479,2021-09-16 09:00:00+07:00,19
480,2021-09-16 12:00:00+07:00,20
481,2021-09-16 15:00:00+07:00,20
482,2021-09-16 18:00:00+07:00,20
483,2021-09-16 21:00:00+07:00,20
484,2021-09-17 00:00:00+07:00,20
485,2021-09-17 03:00:00+07:00,20
486,2021-09-17 06:00:00+07:00,20
487,2021-09-17 09:00:00+07:00,20
488,2021-09-17 12:00:00+07:00,20
489,2021-09-17 15:00:00+07:00,20
490,2021-09-17 18:00:00+07:00,20
491,2021-09-17 21:00:00+07:00,20
492,2021-09-18 00:00:00+07:00,20
493,2021-09-18 03:00:00+07:00,20
494,2021-09-18 06:00:00+07:00,20
495,2021-09-18 09:00:00+07:00,20
496,2021-09-18 12:00:00+07:00,20
497,2021-09-18 15:00:00+07:00,20
498,2021-09-18 18:00:00+07:00,20
499,2021-09-18 21:00:00+07:00,20
500,2021-09-19 00:00:00+07:00,20
501,2021-09-19 03:00:00+07:00,20
502,2021-09-19 06:00:00+07:00,20
503,2021-09-19 09:00:00+07:00,20
504,2021-03-23 12:00:00+07:00,21
505,2021-03-23 15:00:00+07:00,21
506,2021-03-23 18:00:00+07:00,21
507,2021-03-23 21:00:00+07:00,21
508,2021-03-24 00:00:00+07:00,21
509,2021-03-24 03:00:00+07:00,21
510,2021-03-24 06:00:00+07:00,21
511,2021-03-24 09:00:00+07:00,21
512,2021-03-24 12:00:00+07:00,21
513,2021-03-24 15:00:00+07:00,21
514,2021-03-24 18:00:00+07:00,21
515,2021-03-24 21:00:00+07:00,21
516,2021-03-25 00:00:00+07:00,21
517,2021-03-25 03:00:00+07:00,21
518,2021-03-25 06:00:00+07:00,21
519,2021-03-25 09:00:00+07:00,21
520,2021-03-25 12:00:00+07:00,21
521,2021-03-25 15:00:00+07:00,21
522,2021-03-25 18:00:00+07:00,21
523,2021-03-25 21:00:00+07:00,21
524,2021-03-26 00:00:00+07:00,21
525,2021-03-26 03:00:00+07:00,21
526,2021-03-26 06:00:00+07:00,21
527,2021-03-26 09:00:00+07:00,21
528,2021-09-22 12:00:00+07:00,22
529,2021-09-22 15:00:00+07:00,22
530,2021-09-22 18:00:00+07:00,22
531,2021-09-22 21:00:00+07:00,22
532,2021-09-23 00:00:00+07:00,22
533,2021-09-23 03:00:00+07:00,22
534,2021-09-23 06:00:00+07:00,22
535,2021-09-23 09:00:00+07:00,22
536,2021-09-23 12:00:00+07:00,22
537,2021-09-23 15:00:00+07:00,22
538,2021-09-23 18:00:00+07:00,22
539,2021-09-23 21:00:00+07:00,22
540,2021-09-24 00:00:00+07:00,22
541,2021-09-24 03:00:00+07:00,22
542,2021-09-24 06:00:00+07:00,22
543,2021-09-24 09:00:00+07:00,22
544,2021-09-24 12:00:00+07:00,22
545,2021-09-24 15:00:00+07:00,22
546,2021-09-24 18:00:00+07:00,22
547,2021-09-24 21:00:00+07:00,22
548,2021-09-25 00:00:00+07:00,22
549,2021-09-25 03:00:00+07:00,22
550,2021-09-25 06:00:00+07:00,22
551,2021-09-25 09:00:00+07:00,22
552,2021-09-25 12:00:00+07:00,23
553,2021-09-25 15:00:00+07:00,23
554,2021-09-25 18:00:00+07:00,23
555,2021-09-25 21:00:00+07:00,23
556,2021-09-26 00:00:00+07:00,23
557,2021-09-26 03:00:00+07:00,23
558,2021-09-26 06:00:00+07:00,23
559,2021-09-26 09:00:00+07:00,23
560,2021-09-26 12:00:00+07:00,23
561,2021-09-26 15:00:00+07:00,23
562,2021-09-26 18:00:00+07:00,23
563,2021-09-26 21:00:00+07:00,23
564,2021-09-27 00:00:00+07:00,23
565,2021-09-27 03:00:00+07:00,23
566,2021-09-27 06:00:00+07:00,23
567,2021-09-27 09:00:00+07:00,23
568,2021-09-27 12:00:00+07:00,23
569,2021-09-27 15:00:00+07:00,23
570,2021-09-27 18:00:00+07:00,23
571,2021-09-27 21:00:00+07:00,23
572,2021-09-28 00:00:00+07:00,23
573,2021-09-28 03:00:00+07:00,23
574,2021-09-28 06:00:00+07:00,23
575,2021-09-28 09:00:00+07:00,23
576,2021-09-28 12:00:00+07:00,24
577,2021-09-28 15:00:00+07:00,24
578,2021-09-28 18:00:00+07:00,24
579,2021-09-28 21:00:00+07:00,24
580,2021-09-29 00:00:00+07:00,24
581,2021-09-29 03:00:00+07:00,24
582,2021-09-29 06:00:00+07:00,24
583,2021-09-29 09:00:00+07:00,24
584,2021-09-29 12:00:00+07:00,24
585,2021-09-29 15:00:00+07:00,24
586,2021-09-29 18:00:00+07:00,24
587,2021-09-29 21:00:00+07:00,24
588,2021-09-30 00:00:00+07:00,24
589,2021-09-30 03:00:00+07:00,24
590,2021-09-30 06:00:00+07:00,24
591,2021-09-30 09:00:00+07:00,24
592,2021-09-30 12:00:00+07:00,24
593,2021-09-30 15:00:00+07:00,24
594,2021-09-30 18:00:00+07:00,24
595,2021-09-30 21:00:00+07:00,24
596,2021-10-01 00:00:00+07:00,24
597,2021-10-01 03:00:00+07:00,24
598,2021-10-01 06:00:00+07:00,24
599,2021-10-01 09:00:00+07:00,24
600,2020-10-06 12:00:00+07:00,25
601,2020-10-06 15:00:00+07:00,25
602,2020-10-06 18:00:00+07:00,25
603,2020-10-06 21:00:00+07:00,25
604,2020-10-07 00:00:00+07:00,25
605,2020-10-07 03:00:00+07:00,25
606,2020-10-07 06:00:00+07:00,25
607,2020-10-07 09:00:00+07:00,25
608,2020-10-07 12:00:00+07:00,25
609,2020-10-07 15:00:00+07:00,25
610,2020-10-07 18:00:00+07:00,25
611,2020-10-07 21:00:00+07:00,25
612,2020-10-08 00:00:00+07:00,25
613,2020-10-08 03:00:00+07:00,25
614,2020-10-08 06:00:00+07:00,25
615,2020-10-08 09:00:00+07:00,25
616,2020-10-08 12:00:00+07:00,25
617,2020-10-08 15:00:00+07:00,25
618,2020-10-08 18:00:00+07:00,25
619,2020-10-08 21:00:00+07:00,25
620,2020-10-09 00:00:00+07:00,25
621,2020-10-09 03:00:00+07:00,25
622,2020-10-09 06:00:00+07:00,25
623,2020-10-09 09:00:00+07:00,25
624,2021-10-04 12:00:00+07:00,26
625,2021-10-04 15:00:00+07:00,26
626,2021-10-04 18:00:00+07:00,26
627,2021-10-04 21:00:00+07:00,26
628,2021-10-05 00:00:00+07:00,26
629,2021-10-05 03:00:00+07:00,26
630,2021-10-05 06:00:00+07:00,26
631,2021-10-05 09:00:00+07:00,26
632,2021-10-05 12:00:00+07:00,26
633,2021-10-05 15:00:00+07:00,26
634,2021-10-05 18:00:00+07:00,26
635,2021-10-05 21:00:00+07:00,26
636,2021-10-06 00:00:00+07:00,26
637,2021-10-06 03:00:00+07:00,26
638,2021-10-06 06:00:00+07:00,26
639,2021-10-06 09:00:00+07:00,26
640,2021-10-06 12:00:00+07:00,26
641,2021-10-06 15:00:00+07:00,26
642,2021-10-06 18:00:00+07:00,26
643,2021-10-06 21:00:00+07:00,26
644,2021-10-07 00:00:00+07:00,26
645,2021-10-07 03:00:00+07:00,26
646,2021-10-07 06:00:00+07:00,26
647,2021-10-07 09:00:00+07:00,26
648,2020-10-12 12:00:00+07:00,27
649,2020-10-12 15:00:00+07:00,27
650,2020-10-12 18:00:00+07:00,27
651,2020-10-12 21:00:00+07:00,27
652,2020-10-13 00:00:00+07:00,27
653,2020-10-13 03:00:00+07:00,27
654,2020-10-13 06:00:00+07:00,27
655,2020-10-13 09:00:00+07:00,27
656,2020-10-13 12:00:00+07:00,27
657,2020-10-13 15:00:00+07:00,27
658,2020-10-13 18:00:00+07:00,27
659,2020-10-13 21:00:00+07:00,27
660,2020-10-14 00:00:00+07:00,27
661,2020-10-14 03:00:00+07:00,27
662,2020-10-14 06:00:00+07:00,27
663,2020-10-14 09:00:00+07:00,27
664,2020-10-14 12:00:00+07:00,27
665,2020-10-14 15:00:00+07:00,27
666,2020-10-14 18:00:00+07:00,27
667,2020-10-14 21:00:00+07:00,27
668,2020-10-15 00:00:00+07:00,27
669,2020-10-15 03:00:00+07:00,27
670,2020-10-15 06:00:00+07:00,27
671,2020-10-15 09:00:00+07:00,27
672,2021-10-10 12:00:00+07:00,28
673,2021-10-10 15:00:00+07:00,28
674,2021-10-10 18:00:00+07:00,28
675,2021-10-10 21:00:00+07:00,28
676,2021-10-11 00:00:00+07:00,28
677,2021-10-11 03:00:00+07:00,28
678,2021-10-11 06:00:00+07:00,28
679,2021-10-11 09:00:00+07:00,28
680,2021-10-11 12:00:00+07:00,28
681,2021-10-11 15:00:00+07:00,28
682,2021-10-11 18:00:00+07:00,28
683,2021-10-11 21:00:00+07:00,28
684,2021-10-12 00:00:00+07:00,28
685,2021-10-12 03:00:00+07:00,28
686,2021-10-12 06:00:00+07:00,28
687,2021-10-12 09:00:00+07:00,28
688,2021-10-12 12:00:00+07:00,28
689,2021-10-12 15:00:00+07:00,28
690,2021-10-12 18:00:00+07:00,28
691,2021-10-12 21:00:00+07:00,28
692,2021-10-13 00:00:00+07:00,28
693,2021-10-13 03:00:00+07:00,28
694,2021-10-13 06:00:00+07:00,28
695,2021-10-13 09:00:00+07:00,28
696,2020-10-18 12:00:00+07:00,29
697,2020-10-18 15:00:00+07:00,29
698,2020-10-18 18:00:00+07:00,29
699,2020-10-18 21:00:00+07:00,29
700,2020-10-19 00:00:00+07:00,29
701,2020-10-19 03:00:00+07:00,29
702,2020-10-19 06:00:00+07:00,29
703,2020-10-19 09:00:00+07:00,29
704,2020-10-19 12:00:00+07:00,29
705,2020-10-19 15:00:00+07:00,29
706,2020-10-19 18:00:00+07:00,29
707,2020-10-19 21:00:00+07:00,29
708,2020-10-20 00:00:00+07:00,29
709,2020-10-20 03:00:00+07:00,29
710,2020-10-20 06:00:00+07:00,29
711,2020-10-20 09:00:00+07:00,29
712,2020-10-20 12:00:00+07:00,29
713,2020-10-20 15:00:00+07:00,29
714,2020-10-20 18:00:00+07:00,29
715,2020-10-20 21:00:00+07:00,29
716,2020-10-21 00:00:00+07:00,29
717,2020-10-21 03:00:00+07:00,29
718,2020-10-21 06:00:00+07:00,29
719,2020-10-21 09:00:00+07:00,29
720,2021-04-19 12:00:00+07:00,30
721,2021-04-19 15:00:00+07:00,30
722,2021-04-19 18:00:00+07:00,30
723,2021-04-19 21:00:00+07:00,30
724,2021-04-20 00:00:00+07:00,30
725,2021-04-20 03:00:00+07:00,30
726,2021-04-20 06:00:00+07:00,30
727,2021-04-20 09:00:00+07:00,30
728,2021-04-20 12:00:00+07:00,30
729,2021-04-20 15:00:00+07:00,30
730,2021-04-20 18:00:00+07:00,30
731,2021-04-20 21:00:00+07:00,30
732,2021-04-21 00:00:00+07:00,30
733,2021-04-21 03:00:00+07:00,30
734,2021-04-21 06:00:00+07:00,30
735,2021-04-21 09:00:00+07:00,30
736,2021-04-21 12:00:00+07:00,30
737,2021-04-21 15:00:00+07:00,30
738,2021-04-21 18:00:00+07:00,30
739,2021-04-21 21:00:00+07:00,30
740,2021-04-22 00:00:00+07:00,30
741,2021-04-22 03:00:00+07:00,30
742,2021-04-22 06:00:00+07:00,30
743,2021-04-22 09:00:00+07:00,30
744,2021-04-22 12:00:00+07:00,31
745,2021-04-22 15:00:00+07:00,31
746,2021-04-22 18:00:00+07:00,31
747,2021-04-22 21:00:00+07:00,31
748,2021-04-23 00:00:00+07:00,31
749,2021-04-23 03:00:00+07:00,31
750,2021-04-23 06:00:00+07:00,31
751,2021-04-23 09:00:00+07:00,31
752,2021-04-23 12:00:00+07:00,31
753,2021-04-23 15:00:00+07:00,31
754,2021-04-23 18:00:00+07:00,31
755,2021-04-23 21:00:00+07:00,31
756,2021-04-24 00:00:00+07:00,31
757,2021-04-24 03:00:00+07:00,31
758,2021-04-24 06:00:00+07:00,31
759,2021-04-24 09:00:00+07:00,31
760,2021-04-24 12:00:00+07:00,31
761,2021-04-24 15:00:00+07:00,31
762,2021-04-24 18:00:00+07:00,31
763,2021-04-24 21:00:00+07:00,31
764,2021-04-25 00:00:00+07:00,31
765,2021-04-25 03:00:00+07:00,31
766,2021-04-25 06:00:00+07:00,31
767,2021-04-25 09:00:00+07:00,31
768,2021-10-22 12:00:00+07:00,32
769,2021-10-22 15:00:00+07:00,32
770,2021-10-22 18:00:00+07:00,32
771,2021-10-22 21:00:00+07:00,32
772,2021-10-23 00:00:00+07:00,32
773,2021-10-23 03:00:00+07:00,32
774,2021-10-23 06:00:00+07:00,32
775,2021-10-23 09:00:00+07:00,32
776,2021-10-23 12:00:00+07:00,32
777,2021-10-23 15:00:00+07:00,32
778,2021-10-23 18:00:00+07:00,32
779,2021-10-23 21:00:00+07:00,32
780,2021-10-24 00:00:00+07:00,32
781,2021-10-24 03:00:00+07:00,32
782,2021-10-24 06:00:00+07:00,32
783,2021-10-24 09:00:00+07:00,32
784,2021-10-24 12:00:00+07:00,32
785,2021-10-24 15:00:00+07:00,32
786,2021-10-24 18:00:00+07:00,32
787,2021-10-24 21:00:00+07:00,32
788,2021-10-25 00:00:00+07:00,32
789,2021-10-25 03:00:00+07:00,32
790,2021-10-25 06:00:00+07:00,32
791,2021-10-25 09:00:00+07:00,32
792,2021-10-25 12:00:00+07:00,33
793,2021-10-25 15:00:00+07:00,33
794,2021-10-25 18:00:00+07:00,33
795,2021-10-25 21:00:00+07:00,33
796,2021-10-26 00:00:00+07:00,33
797,2021-10-26 03:00:00+07:00,33
798,2021-10-26 06:00:00+07:00,33
799,2021-10-26 09:00:00+07:00,33
800,2021-10-26 12:00:00+07:00,33
801,2021-10-26 15:00:00+07:00,33
802,2021-10-26 18:00:00+07:00,33
803,2021-10-26 21:00:00+07:00,33
804,2021-10-27 00:00:00+07:00,33
805,2021-10-27 03:00:00+07:00,33
806,2021-10-27 06:00:00+07:00,33
807,2021-10-27 09:00:00+07:00,33
808,2021-10-27 12:00:00+07:00,33
809,2021-10-27 15:00:00+07:00,33
810,2021-10-27 18:00:00+07:00,33
811,2021-10-27 21:00:00+07:00,33
812,2021-10-28 00:00:00+07:00,33
813,2021-10-28 03:00:00+07:00,33
814,2021-10-28 06:00:00+07:00,33
815,2021-10-28 09:00:00+07:00,33
816,2020-11-02 12:00:00+07:00,34
817,2020-11-02 15:00:00+07:00,34
818,2020-11-02 18:00:00+07:00,34
819,2020-11-02 21:00:00+07:00,34
820,2020-11-03 00:00:00+07:00,34
821,2020-11-03 03:00:00+07:00,34
822,2020-11-03 06:00:00+07:00,34
823,2020-11-03 09:00:00+07:00,34
824,2020-11-03 12:00:00+07:00,34
825,2020-11-03 15:00:00+07:00,34
826,2020-11-03 18:00:00+07:00,34
827,2020-11-03 21:00:00+07:00,34
828,2020-11-04 00:00:00+07:00,34
829,2020-11-04 03:00:00+07:00,34
830,2020-11-04 06:00:00+07:00,34
831,2020-11-04 09:00:00+07:00,34
832,2020-11-04 12:00:00+07:00,34
833,2020-11-04 15:00:00+07:00,34
834,2020-11-04 18:00:00+07:00,34
835,2020-11-04 21:00:00+07:00,34
836,2020-11-05 00:00:00+07:00,34
837,2020-11-05 03:00:00+07:00,34
838,2020-11-05 06:00:00+07:00,34
839,2020-11-05 09:00:00+07:00,34
840,2020-11-05 12:00:00+07:00,35
841,2020-11-05 15:00:00+07:00,35
842,2020-11-05 18:00:00+07:00,35
843,2020-11-05 21:00:00+07:00,35
844,2020-11-06 00:00:00+07:00,35
845,2020-11-06 03:00:00+07:00,35
846,2020-11-06 06:00:00+07:00,35
847,2020-11-06 09:00:00+07:00,35
848,2020-11-06 12:00:00+07:00,35
849,2020-11-06 15:00:00+07:00,35
850,2020-11-06 18:00:00+07:00,35
851,2020-11-06 21:00:00+07:00,35
852,2020-11-07 00:00:00+07:00,35
853,2020-11-07 03:00:00+07:00,35
854,2020-11-07 06:00:00+07:00,35
855,2020-11-07 09:00:00+07:00,35
856,2020-11-07 12:00:00+07:00,35
857,2020-11-07 15:00:00+07:00,35
858,2020-11-07 18:00:00+07:00,35
859,2020-11-07 21:00:00+07:00,35
860,2020-11-08 00:00:00+07:00,35
861,2020-11-08 03:00:00+07:00,35
862,2020-11-08 06:00:00+07:00,35
863,2020-11-08 09:00:00+07:00,35
864,2021-05-07 12:00:00+07:00,36
865,2021-05-07 15:00:00+07:00,36
866,2021-05-07 18:00:00+07:00,36
867,2021-05-07 21:00:00+07:00,36
868,2021-05-08 00:00:00+07:00,36
869,2021-05-08 03:00:00+07:00,36
870,2021-05-08 06:00:00+07:00,36
871,2021-05-08 09:00:00+07:00,36
872,2021-05-08 12:00:00+07:00,36
873,2021-05-08 15:00:00+07:00,36
874,2021-05-08 18:00:00+07:00,36
875,2021-05-08 21:00:00+07:00,36
876,2021-05-09 00:00:00+07:00,36
877,2021-05-09 03:00:00+07:00,36
878,2021-05-09 06:00:00+07:00,36
879,2021-05-09 09:00:00+07:00,36
880,2021-05-09 12:00:00+07:00,36
881,2021-05-09 15:00:00+07:00,36
882,2021-05-09 18:00:00+07:00,36
883,2021-05-09 21:00:00+07:00,36
884,2021-05-10 00:00:00+07:00,36
885,2021-05-10 03:00:00+07:00,36
886,2021-05-10 06:00:00+07:00,36
887,2021-05-10 09:00:00+07:00,36
888,2021-11-06 12:00:00+07:00,37
889,2021-11-06 15:00:00+07:00,37
890,2021-11-06 18:00:00+07:00,37
891,2021-11-06 21:00:00+07:00,37
892,2021-11-07 00:00:00+07:00,37
893,2021-11-07 03:00:00+07:00,37
894,2021-11-07 06:00:00+07:00,37
895,2021-11-07 09:00:00+07:00,37
896,2021-11-07 12:00:00+07:00,37
897,2021-11-07 15:00:00+07:00,37
898,2021-11-07 18:00:00+07:00,37
899,2021-11-07 21:00:00+07:00,37
900,2021-11-08 00:00:00+07:00,37
901,2021-11-08 03:00:00+07:00,37
902,2021-11-08 06:00:00+07:00,37
903,2021-11-08 09:00:00+07:00,37
904,2021-11-08 12:00:00+07:00,37
905,2021-11-08 15:00:00+07:00,37
906,2021-11-08 18:00:00+07:00,37
907,2021-11-08 21:00:00+07:00,37
908,2021-11-09 00:00:00+07:00,37
909,2021-11-09 03:00:00+07:00,37
910,2021-11-09 06:00:00+07:00,37
911,2021-11-09 09:00:00+07:00,37
912,2021-11-09 12:00:00+07:00,38
913,2021-11-09 15:00:00+07:00,38
914,2021-11-09 18:00:00+07:00,38
915,2021-11-09 21:00:00+07:00,38
916,2021-11-10 00:00:00+07:00,38
917,2021-11-10 03:00:00+07:00,38
918,2021-11-10 06:00:00+07:00,38
919,2021-11-10 09:00:00+07:00,38
920,2021-11-10 12:00:00+07:00,38
921,2021-11-10 15:00:00+07:00,38
922,2021-11-10 18:00:00+07:00,38
923,2021-11-10 21:00:00+07:00,38
924,2021-11-11 00:00:00+07:00,38
925,2021-11-11 03:00:00+07:00,38
926,2021-11-11 06:00:00+07:00,38
927,2021-11-11 09:00:00+07:00,38
928,2021-11-11 12:00:00+07:00,38
929,2021-11-11 15:00:00+07:00,38
930,2021-11-11 18:00:00+07:00,38
931,2021-11-11 21:00:00+07:00,38
932,2021-11-12 00:00:00+07:00,38
933,2021-11-12 03:00:00+07:00,38
934,2021-11-12 06:00:00+07:00,38
935,2021-11-12 09:00:00+07:00,38
936,2021-05-16 12:00:00+07:00,39
937,2021-05-16 15:00:00+07:00,39
938,2021-05-16 18:00:00+07:00,39
939,2021-05-16 21:00:00+07:00,39
940,2021-05-17 00:00:00+07:00,39
941,2021-05-17 03:00:00+07:00,39
942,2021-05-17 06:00:00+07:00,39
943,2021-05-17 09:00:00+07:00,39
944,2021-05-17 12:00:00+07:00,39
945,2021-05-17 15:00:00+07:00,39
946,2021-05-17 18:00:00+07:00,39
947,2021-05-17 21:00:00+07:00,39
948,2021-05-18 00:00:00+07:00,39
949,2021-05-18 03:00:00+07:00,39
950,2021-05-18 06:00:00+07:00,39
951,2021-05-18 09:00:00+07:00,39
952,2021-05-18 12:00:00+07:00,39
953,2021-05-18 15:00:00+07:00,39
954,2021-05-18 18:00:00+07:00,39
955,2021-05-18 21:00:00+07:00,39
956,2021-05-19 00:00:00+07:00,39
957,2021-05-19 03:00:00+07:00,39
958,2021-05-19 06:00:00+07:00,39
959,2021-05-19 09:00:00+07:00,39
960,2021-05-19 12:00:00+07:00,40
961,2021-05-19 15:00:00+07:00,40
962,2021-05-19 18:00:00+07:00,40
963,2021-05-19 21:00:00+07:00,40
964,2021-05-20 00:00:00+07:00,40
965,2021-05-20 03:00:00+07:00,40
966,2021-05-20 06:00:00+07:00,40
967,2021-05-20 09:00:00+07:00,40
968,2021-05-20 12:00:00+07:00,40
969,2021-05-20 15:00:00+07:00,40
970,2021-05-20 18:00:00+07:00,40
971,2021-05-20 21:00:00+07:00,40
972,2021-05-21 00:00:00+07:00,40
973,2021-05-21 03:00:00+07:00,40
974,2021-05-21 06:00:00+07:00,40
975,2021-05-21 09:00:00+07:00,40
976,2021-05-21 12:00:00+07:00,40
977,2021-05-21 15:00:00+07:00,40
978,2021-05-21 18:00:00+07:00,40
979,2021-05-21 21:00:00+07:00,40
980,2021-05-22 00:00:00+07:00,40
981,2021-05-22 03:00:00+07:00,40
982,2021-05-22 06:00:00+07:00,40
983,2021-05-22 09:00:00+07:00,40
984,2021-11-18 12:00:00+07:00,41
985,2021-11-18 15:00:00+07:00,41
986,2021-11-18 18:00:00+07:00,41
987,2021-11-18 21:00:00+07:00,41
988,2021-11-19 00:00:00+07:00,41
989,2021-11-19 03:00:00+07:00,41
990,2021-11-19 06:00:00+07:00,41
991,2021-11-19 09:00:00+07:00,41
992,2021-11-19 12:00:00+07:00,41
993,2021-11-19 15:00:00+07:00,41
994,2021-11-19 18:00:00+07:00,41
995,2021-11-19 21:00:00+07:00,41
996,2021-11-20 00:00:00+07:00,41
997,2021-11-20 03:00:00+07:00,41
998,2021-11-20 06:00:00+07:00,41
999,2021-11-20 09:00:00+07:00,41
1000,2021-11-20 12:00:00+07:00,41
1001,2021-11-20 15:00:00+07:00,41
1002,2021-11-20 18:00:00+07:00,41
1003,2021-11-20 21:00:00+07:00,41
1004,2021-11-21 00:00:00+07:00,41
1005,2021-11-21 03:00:00+07:00,41
1006,2021-11-21 06:00:00+07:00,41
1007,2021-11-21 09:00:00+07:00,41
1008,2021-05-25 12:00:00+07:00,42
1009,2021-05-25 15:00:00+07:00,42
1010,2021-05-25 18:00:00+07:00,42
1011,2021-05-25 21:00:00+07:00,42
1012,2021-05-26 00:00:00+07:00,42
1013,2021-05-26 03:00:00+07:00,42
1014,2021-05-26 06:00:00+07:00,42
1015,2021-05-26 09:00:00+07:00,42
1016,2021-05-26 12:00:00+07:00,42
1017,2021-05-26 15:00:00+07:00,42
1018,2021-05-26 18:00:00+07:00,42
1019,2021-05-26 21:00:00+07:00,42
1020,2021-05-27 00:00:00+07:00,42
1021,2021-05-27 03:00:00+07:00,42
1022,2021-05-27 06:00:00+07:00,42
1023,2021-05-27 09:00:00+07:00,42
1024,2021-05-27 12:00:00+07:00,42
1025,2021-05-27 15:00:00+07:00,42
1026,2021-05-27 18:00:00+07:00,42
1027,2021-05-27 21:00:00+07:00,42
1028,2021-05-28 00:00:00+07:00,42
1029,2021-05-28 03:00:00+07:00,42
1030,2021-05-28 06:00:00+07:00,42
1031,2021-05-28 09:00:00+07:00,42
1032,2021-05-28 12:00:00+07:00,43
1033,2021-05-28 15:00:00+07:00,43
1034,2021-05-28 18:00:00+07:00,43
1035,2021-05-28 21:00:00+07:00,43
1036,2021-05-29 00:00:00+07:00,43
1037,2021-05-29 03:00:00+07:00,43
1038,2021-05-29 06:00:00+07:00,43
1039,2021-05-29 09:00:00+07:00,43
1040,2021-05-29 12:00:00+07:00,43
1041,2021-05-29 15:00:00+07:00,43
1042,2021-05-29 18:00:00+07:00,43
1043,2021-05-29 21:00:00+07:00,43
1044,2021-05-30 00:00:00+07:00,43
1045,2021-05-30 03:00:00+07:00,43
1046,2021-05-30 06:00:00+07:00,43
1047,2021-05-30 09:00:00+07:00,43
1048,2021-05-30 12:00:00+07:00,43
1049,2021-05-30 15:00:00+07:00,43
1050,2021-05-30 18:00:00+07:00,43
1051,2021-05-30 21:00:00+07:00,43
1052,2021-05-31 00:00:00+07:00,43
1053,2021-05-31 03:00:00+07:00,43
1054,2021-05-31 06:00:00+07:00,43
1055,2021-05-31 09:00:00+07:00,43
1056,2020-12-02 12:00:00+07:00,44
1057,2020-12-02 15:00:00+07:00,44
1058,2020-12-02 18:00:00+07:00,44
1059,2020-12-02 21:00:00+07:00,44
1060,2020-12-03 00:00:00+07:00,44
1061,2020-12-03 03:00:00+07:00,44
1062,2020-12-03 06:00:00+07:00,44
1063,2020-12-03 09:00:00+07:00,44
1064,2020-12-03 12:00:00+07:00,44
1065,2020-12-03 15:00:00+07:00,44
1066,2020-12-03 18:00:00+07:00,44
1067,2020-12-03 21:00:00+07:00,44
1068,2020-12-04 00:00:00+07:00,44
1069,2020-12-04 03:00:00+07:00,44
1070,2020-12-04 06:00:00+07:00,44
1071,2020-12-04 09:00:00+07:00,44
1072,2020-12-04 12:00:00+07:00,44
1073,2020-12-04 15:00:00+07:00,44
1074,2020-12-04 18:00:00+07:00,44
1075,2020-12-04 21:00:00+07:00,44
1076,2020-12-05 00:00:00+07:00,44
1077,2020-12-05 03:00:00+07:00,44
1078,2020-12-05 06:00:00+07:00,44
1079,2020-12-05 09:00:00+07:00,44
1080,2021-06-03 12:00:00+07:00,45
1081,2021-06-03 15:00:00+07:00,45
1082,2021-06-03 18:00:00+07:00,45
1083,2021-06-03 21:00:00+07:00,45
1084,2021-06-04 00:00:00+07:00,45
1085,2021-06-04 03:00:00+07:00,45
1086,2021-06-04 06:00:00+07:00,45
1087,2021-06-04 09:00:00+07:00,45
1088,2021-06-04 12:00:00+07:00,45
1089,2021-06-04 15:00:00+07:00,45
1090,2021-06-04 18:00:00+07:00,45
1091,2021-06-04 21:00:00+07:00,45
1092,2021-06-05 00:00:00+07:00,45
1093,2021-06-05 03:00:00+07:00,45
1094,2021-06-05 06:00:00+07:00,45
1095,2021-06-05 09:00:00+07:00,45
1096,2021-06-05 12:00:00+07:00,45
1097,2021-06-05 15:00:00+07:00,45
1098,2021-06-05 18:00:00+07:00,45
1099,2021-06-05 21:00:00+07:00,45
1100,2021-06-06 00:00:00+07:00,45
1101,2021-06-06 03:00:00+07:00,45
1102,2021-06-06 06:00:00+07:00,45
1103,2021-06-06 09:00:00+07:00,45
1104,2020-12-08 12:00:00+07:00,46
1105,2020-12-08 15:00:00+07:00,46
1106,2020-12-08 18:00:00+07:00,46
1107,2020-12-08 21:00:00+07:00,46
1108,2020-12-09 00:00:00+07:00,46
1109,2020-12-09 03:00:00+07:00,46
1110,2020-12-09 06:00:00+07:00,46
1111,2020-12-09 09:00:00+07:00,46
1112,2020-12-09 12:00:00+07:00,46
1113,2020-12-09 15:00:00+07:00,46
1114,2020-12-09 18:00:00+07:00,46
1115,2020-12-09 21:00:00+07:00,46
1116,2020-12-10 00:00:00+07:00,46
1117,2020-12-10 03:00:00+07:00,46
1118,2020-12-10 06:00:00+07:00,46
1119,2020-12-10 09:00:00+07:00,46
1120,2020-12-10 12:00:00+07:00,46
1121,2020-12-10 15:00:00+07:00,46
1122,2020-12-10 18:00:00+07:00,46
1123,2020-12-10 21:00:00+07:00,46
1124,2020-12-11 00:00:00+07:00,46
1125,2020-12-11 03:00:00+07:00,46
1126,2020-12-11 06:00:00+07:00,46
1127,2020-12-11 09:00:00+07:00,46
1128,2020-12-11 12:00:00+07:00,47
1129,2020-12-11 15:00:00+07:00,47
1130,2020-12-11 18:00:00+07:00,47
1131,2020-12-11 21:00:00+07:00,47
1132,2020-12-12 00:00:00+07:00,47
1133,2020-12-12 03:00:00+07:00,47
1134,2020-12-12 06:00:00+07:00,47
1135,2020-12-12 09:00:00+07:00,47
1136,2020-12-12 12:00:00+07:00,47
1137,2020-12-12 15:00:00+07:00,47
1138,2020-12-12 18:00:00+07:00,47
1139,2020-12-12 21:00:00+07:00,47
1140,2020-12-13 00:00:00+07:00,47
1141,2020-12-13 03:00:00+07:00,47
1142,2020-12-13 06:00:00+07:00,47
1143,2020-12-13 09:00:00+07:00,47
1144,2020-12-13 12:00:00+07:00,47
1145,2020-12-13 15:00:00+07:00,47
1146,2020-12-13 18:00:00+07:00,47
1147,2020-12-13 21:00:00+07:00,47
1148,2020-12-14 00:00:00+07:00,47
1149,2020-12-14 03:00:00+07:00,47
1150,2020-12-14 06:00:00+07:00,47
1151,2020-12-14 09:00:00+07:00,47
1152,2021-06-12 12:00:00+07:00,48
1153,2021-06-12 15:00:00+07:00,48
1154,2021-06-12 18:00:00+07:00,48
1155,2021-06-12 21:00:00+07:00,48
1156,2021-06-13 00:00:00+07:00,48
1157,2021-06-13 03:00:00+07:00,48
1158,2021-06-13 06:00:00+07:00,48
1159,2021-06-13 09:00:00+07:00,48
1160,2021-06-13 12:00:00+07:00,48
1161,2021-06-13 15:00:00+07:00,48
1162,2021-06-13 18:00:00+07:00,48
1163,2021-06-13 21:00:00+07:00,48
1164,2021-06-14 00:00:00+07:00,48
1165,2021-06-14 03:00:00+07:00,48
1166,2021-06-14 06:00:00+07:00,48
1167,2021-06-14 09:00:00+07:00,48
1168,2021-06-14 12:00:00+07:00,48
1169,2021-06-14 15:00:00+07:00,48
1170,2021-06-14 18:00:00+07:00,48
1171,2021-06-14 21:00:00+07:00,48
1172,2021-06-15 00:00:00+07:00,48
1173,2021-06-15 03:00:00+07:00,48
1174,2021-06-15 06:00:00+07:00,48
1175,2021-06-15 09:00:00+07:00,48
1176,2021-12-12 12:00:00+07:00,49
1177,2021-12-12 15:00:00+07:00,49
1178,2021-12-12 18:00:00+07:00,49
1179,2021-12-12 21:00:00+07:00,49
1180,2021-12-13 00:00:00+07:00,49
1181,2021-12-13 03:00:00+07:00,49
1182,2021-12-13 06:00:00+07:00,49
1183,2021-12-13 09:00:00+07:00,49
1184,2021-12-13 12:00:00+07:00,49
1185,2021-12-13 15:00:00+07:00,49
1186,2021-12-13 18:00:00+07:00,49
1187,2021-12-13 21:00:00+07:00,49
1188,2021-12-14 00:00:00+07:00,49
1189,2021-12-14 03:00:00+07:00,49
1190,2021-12-14 06:00:00+07:00,49
1191,2021-12-14 09:00:00+07:00,49
1192,2021-12-14 12:00:00+07:00,49
1193,2021-12-14 15:00:00+07:00,49
1194,2021-12-14 18:00:00+07:00,49
1195,2021-12-14 21:00:00+07:00,49
1196,2021-12-15 00:00:00+07:00,49
1197,2021-12-15 03:00:00+07:00,49
1198,2021-12-15 06:00:00+07:00,49
1199,2021-12-15 09:00:00+07:00,49
1200,2021-12-15 12:00:00+07:00,50
1201,2021-12-15 15:00:00+07:00,50
1202,2021-12-15 18:00:00+07:00,50
1203,2021-12-15 21:00:00+07:00,50
1204,2021-12-16 00:00:00+07:00,50
1205,2021-12-16 03:00:00+07:00,50
1206,2021-12-16 06:00:00+07:00,50
1207,2021-12-16 09:00:00+07:00,50
1208,2021-12-16 12:00:00+07:00,50
1209,2021-12-16 15:00:00+07:00,50
1210,2021-12-16 18:00:00+07:00,50
1211,2021-12-16 21:00:00+07:00,50
1212,2021-12-17 00:00:00+07:00,50
1213,2021-12-17 03:00:00+07:00,50
1214,2021-12-17 06:00:00+07:00,50
1215,2021-12-17 09:00:00+07:00,50
1216,2021-12-17 12:00:00+07:00,50
1217,2021-12-17 15:00:00+07:00,50
1218,2021-12-17 18:00:00+07:00,50
1219,2021-12-17 21:00:00+07:00,50
1220,2021-12-18 00:00:00+07:00,50
1221,2021-12-18 03:00:00+07:00,50
1222,2021-12-18 06:00:00+07:00,50
1223,2021-12-18 09:00:00+07:00,50
1224,2020-12-23 12:00:00+07:00,51
1225,2020-12-23 15:00:00+07:00,51
1226,2020-12-23 18:00:00+07:00,51
1227,2020-12-23 21:00:00+07:00,51
1228,2020-12-24 00:00:00+07:00,51
1229,2020-12-24 03:00:00+07:00,51
1230,2020-12-24 06:00:00+07:00,51
1231,2020-12-24 09:00:00+07:00,51
1232,2020-12-24 12:00:00+07:00,51
1233,2020-12-24 15:00:00+07:00,51
1234,2020-12-24 18:00:00+07:00,51
1235,2020-12-24 21:00:00+07:00,51
1236,2020-12-25 00:00:00+07:00,51
1237,2020-12-25 03:00:00+07:00,51
1238,2020-12-25 06:00:00+07:00,51
1239,2020-12-25 09:00:00+07:00,51
1240,2020-12-25 12:00:00+07:00,51
1241,2020-12-25 15:00:00+07:00,51
1242,2020-12-25 18:00:00+07:00,51
1243,2020-12-25 21:00:00+07:00,51
1244,2020-12-26 00:00:00+07:00,51
1245,2020-12-26 03:00:00+07:00,51
1246,2020-12-26 06:00:00+07:00,51
1247,2020-12-26 09:00:00+07:00,51
1248,2021-06-24 12:00:00+07:00,52
1249,2021-06-24 15:00:00+07:00,52
1250,2021-06-24 18:00:00+07:00,52
1251,2021-06-24 21:00:00+07:00,52
1252,2021-06-25 00:00:00+07:00,52
1253,2021-06-25 03:00:00+07:00,52
1254,2021-06-25 06:00:00+07:00,52
1255,2021-06-25 09:00:00+07:00,52
1256,2021-06-25 12:00:00+07:00,52
1257,2021-06-25 15:00:00+07:00,52
1258,2021-06-25 18:00:00+07:00,52
1259,2021-06-25 21:00:00+07:00,52
1260,2021-06-26 00:00:00+07:00,52
1261,2021-06-26 03:00:00+07:00,52
1262,2021-06-26 06:00:00+07:00,52
1263,2021-06-26 09:00:00+07:00,52
1264,2021-06-26 12:00:00+07:00,52
1265,2021-06-26 15:00:00+07:00,52
1266,2021-06-26 18:00:00+07:00,52
1267,2021-06-26 21:00:00+07:00,52
1268,2021-06-27 00:00:00+07:00,52
1269,2021-06-27 03:00:00+07:00,52
1270,2021-06-27 06:00:00+07:00,52
1271,2021-06-27 09:00:00+07:00,52
1272,2021-12-24 12:00:00+07:00,53
1273,2021-12-24 15:00:00+07:00,53
1274,2021-12-24 18:00:00+07:00,53
1275,2021-12-24 21:00:00+07:00,53
1276,2021-12-25 00:00:00+07:00,53
1277,2021-12-25 03:00:00+07:00,53
1278,2021-12-25 06:00:00+07:00,53
1279,2021-12-25 09:00:00+07:00,53
1280,2021-12-25 12:00:00+07:00,53
1281,2021-12-25 15:00:00+07:00,53
1282,2021-12-25 18:00:00+07:00,53
1283,2021-12-25 21:00:00+07:00,53
1284,2021-12-26 00:00:00+07:00,53
1285,2021-12-26 03:00:00+07:00,53
1286,2021-12-26 06:00:00+07:00,53
1287,2021-12-26 09:00:00+07:00,53
1288,2021-12-26 12:00:00+07:00,53
1289,2021-12-26 15:00:00+07:00,53
1290,2021-12-26 18:00:00+07:00,53
1291,2021-12-26 21:00:00+07:00,53
1292,2021-12-27 00:00:00+07:00,53
1293,2021-12-27 03:00:00+07:00,53
1294,2021-12-27 06:00:00+07:00,53
1295,2021-12-27 09:00:00+07:00,53
1296,2021-12-27 12:00:00+07:00,54
1297,2021-12-27 15:00:00+07:00,54
1298,2021-12-27 18:00:00+07:00,54
1299,2021-12-27 21:00:00+07:00,54
1300,2021-12-28 00:00:00+07:00,54
1301,2021-12-28 03:00:00+07:00,54
1302,2021-12-28 06:00:00+07:00,54
1303,2021-12-28 09:00:00+07:00,54
1304,2021-12-28 12:00:00+07:00,54
1305,2021-12-28 15:00:00+07:00,54
1306,2021-12-28 18:00:00+07:00,54
1307,2021-12-28 21:00:00+07:00,54
1308,2021-12-29 00:00:00+07:00,54
1309,2021-12-29 03:00:00+07:00,54
1310,2021-12-29 06:00:00+07:00,54
1311,2021-12-29 09:00:00+07:00,54
1312,2021-12-29 12:00:00+07:00,54
1313,2021-12-29 15:00:00+07:00,54
1314,2021-12-29 18:00:00+07:00,54
1315,2021-12-29 21:00:00+07:00,54
1316,2021-12-30 00:00:00+07:00,54
1317,2021-12-30 03:00:00+07:00,54
1318,2021-12-30 06:00:00+07:00,54
1319,2021-12-30 09:00:00+07:00,54
1320,2021-07-03 12:00:00+07:00,55
1321,2021-07-03 15:00:00+07:00,55
1322,2021-07-03 18:00:00+07:00,55
1323,2021-07-03 21:00:00+07:00,55
1324,2021-07-04 00:00:00+07:00,55
1325,2021-07-04 03:00:00+07:00,55
1326,2021-07-04 06:00:00+07:00,55
1327,2021-07-04 09:00:00+07:00,55
1328,2021-07-04 12:00:00+07:00,55
1329,2021-07-04 15:00:00+07:00,55
1330,2021-07-04 18:00:00+07:00,55
1331,2021-07-04 21:00:00+07:00,55
1332,2021-07-05 00:00:00+07:00,55
1333,2021-07-05 03:00:00+07:00,55
1334,2021-07-05 06:00:00+07:00,55
1335,2021-07-05 09:00:00+07:00,55
1336,2021-07-05 12:00:00+07:00,55
1337,2021-07-05 15:00:00+07:00,55
1338,2021-07-05 18:00:00+07:00,55
1339,2021-07-05 21:00:00+07:00,55
1340,2021-07-06 00:00:00+07:00,55
1341,2021-07-06 03:00:00+07:00,55
1342,2021-07-06 06:00:00+07:00,55
1343,2021-07-06 09:00:00+07:00,55
1344,2022-01-02 12:00:00+07:00,56
1345,2022-01-02 15:00:00+07:00,56
1346,2022-01-02 18:00:00+07:00,56
1347,2022-01-02 21:00:00+07:00,56
1348,2022-01-03 00:00:00+07:00,56
1349,2022-01-03 03:00:00+07:00,56
1350,2022-01-03 06:00:00+07:00,56
1351,2022-01-03 09:00:00+07:00,56
1352,2022-01-03 12:00:00+07:00,56
1353,2022-01-03 15:00:00+07:00,56
1354,2022-01-03 18:00:00+07:00,56
1355,2022-01-03 21:00:00+07:00,56
1356,2022-01-04 00:00:00+07:00,56
1357,2022-01-04 03:00:00+07:00,56
1358,2022-01-04 06:00:00+07:00,56
1359,2022-01-04 09:00:00+07:00,56
1360,2022-01-04 12:00:00+07:00,56
1361,2022-01-04 15:00:00+07:00,56
1362,2022-01-04 18:00:00+07:00,56
1363,2022-01-04 21:00:00+07:00,56
1364,2022-01-05 00:00:00+07:00,56
1365,2022-01-05 03:00:00+07:00,56
1366,2022-01-05 06:00:00+07:00,56
1367,2022-01-05 09:00:00+07:00,56
1368,2021-01-10 12:00:00+07:00,57
1369,2021-01-10 15:00:00+07:00,57
1370,2021-01-10 18:00:00+07:00,57
1371,2021-01-10 21:00:00+07:00,57
1372,2021-01-11 00:00:00+07:00,57
1373,2021-01-11 03:00:00+07:00,57
1374,2021-01-11 06:00:00+07:00,57
1375,2021-01-11 09:00:00+07:00,57
1376,2021-01-11 12:00:00+07:00,57
1377,2021-01-11 15:00:00+07:00,57
1378,2021-01-11 18:00:00+07:00,57
1379,2021-01-11 21:00:00+07:00,57
1380,2021-01-12 00:00:00+07:00,57
1381,2021-01-12 03:00:00+07:00,57
1382,2021-01-12 06:00:00+07:00,57
1383,2021-01-12 09:00:00+07:00,57
1384,2021-01-12 12:00:00+07:00,57
1385,2021-01-12 15:00:00+07:00,57
1386,2021-01-12 18:00:00+07:00,57
1387,2021-01-12 21:00:00+07:00,57
1388,2021-01-13 00:00:00+07:00,57
1389,2021-01-13 03:00:00+07:00,57
1390,2021-01-13 06:00:00+07:00,57
1391,2021-01-13 09:00:00+07:00,57
1392,2021-01-13 12:00:00+07:00,58
1393,2021-01-13 15:00:00+07:00,58
1394,2021-01-13 18:00:00+07:00,58
1395,2021-01-13 21:00:00+07:00,58
1396,2021-01-14 00:00:00+07:00,58
1397,2021-01-14 03:00:00+07:00,58
1398,2021-01-14 06:00:00+07:00,58
1399,2021-01-14 09:00:00+07:00,58
1400,2021-01-14 12:00:00+07:00,58
1401,2021-01-14 15:00:00+07:00,58
1402,2021-01-14 18:00:00+07:00,58
1403,2021-01-14 21:00:00+07:00,58
1404,2021-01-15 00:00:00+07:00,58
1405,2021-01-15 03:00:00+07:00,58
1406,2021-01-15 06:00:00+07:00,58
1407,2021-01-15 09:00:00+07:00,58
1408,2021-01-15 12:00:00+07:00,58
1409,2021-01-15 15:00:00+07:00,58
1410,2021-01-15 18:00:00+07:00,58
1411,2021-01-15 21:00:00+07:00,58
1412,2021-01-16 00:00:00+07:00,58
1413,2021-01-16 03:00:00+07:00,58
1414,2021-01-16 06:00:00+07:00,58
1415,2021-01-16 09:00:00+07:00,58
1416,2022-01-11 12:00:00+07:00,59
1417,2022-01-11 15:00:00+07:00,59
1418,2022-01-11 18:00:00+07:00,59
1419,2022-01-11 21:00:00+07:00,59
1420,2022-01-12 00:00:00+07:00,59
1421,2022-01-12 03:00:00+07:00,59
1422,2022-01-12 06:00:00+07:00,59
1423,2022-01-12 09:00:00+07:00,59
1424,2022-01-12 12:00:00+07:00,59
1425,2022-01-12 15:00:00+07:00,59
1426,2022-01-12 18:00:00+07:00,59
1427,2022-01-12 21:00:00+07:00,59
1428,2022-01-13 00:00:00+07:00,59
1429,2022-01-13 03:00:00+07:00,59
1430,2022-01-13 06:00:00+07:00,59
1431,2022-01-13 09:00:00+07:00,59
1432,2022-01-13 12:00:00+07:00,59
1433,2022-01-13 15:00:00+07:00,59
1434,2022-01-13 18:00:00+07:00,59
1435,2022-01-13 21:00:00+07:00,59
1436,2022-01-14 00:00:00+07:00,59
1437,2022-01-14 03:00:00+07:00,59
1438,2022-01-14 06:00:00+07:00,59
1439,2022-01-14 09:00:00+07:00,59
